<?xml version="1.0" encoding="UTF-8"?>
<project-private xmlns="http://www.netbeans.org/ns/project-private/1">
    <editor-bookmarks xmlns="http://www.netbeans.org/ns/editor-bookmarks/2" lastBookmarkId="0"/>
    <open-files xmlns="http://www.netbeans.org/ns/projectui-open-files/2">
        <group name="Gr1"/>
        <group>
            <file>file:/C:/Users/Clément/Documents/Fac/JEE/ProjetJEECCNC/TP2_JSF_INS/nbproject/build-impl.xml</file>
            <file>file:/C:/Users/Clément/Documents/Fac/JEE/ProjetJEECCNC/TP2_JSF_INS/src/java/fr/blois/siad/jee/tp2/beans/UtilisateursBean.java</file>
        </group>
    </open-files>
</project-private>
